{"cameraMode":{"drawMode":0,"name":"Shaded","section":"Shading Mode"},"sceneLighting":true,"audioPlay":false,"sceneViewState":{"m_AlwaysRefresh":false,"showFog":true,"showSkybox":true,"showFlares":true,"showImageEffects":true,"showParticleSystems":true,"showVisualEffectGraphs":true,"m_FxEnabled":true},"in2DMode":false,"pivot":{"x":5.973537445068359,"y":1.9122395515441895,"z":6.067547798156738},"rotation":{"x":0.09313412010669708,"y":-0.029869699850678445,"z":0.002794539090245962,"w":0.9952173233032227},"size":22.48110008239746,"orthographic":false}